Alpha,Detections,eFDR_Percent,Sparsity_Percent,Detection_Gradient
0.000000,19093,95.00,0.00,0
0.001104,7440,5.96,61.03,-11653
0.002207,2912,0.61,84.75,-4528
0.003311,0,0.00,100.00,-2912
0.004415,0,0.00,100.00,0
0.005518,0,0.00,100.00,0
0.006622,0,0.00,100.00,0
0.007726,0,0.00,100.00,0
0.008829,0,0.00,100.00,0
0.009933,0,0.00,100.00,0